bin_index,lo,hi,D_upper_ball,D_upper_float,proved,nodes,ambiguous_cells,positive_cells,negative_cells,speed_roots,rhs_adjusted,M2
0,-1.0,-0.9875,[1.443896838896854958216531041904683627220141584 +/- 4.76e-46],1.443896838896855,True,1203,44,349,229,20,16,[1588.33224894235174713841683818 +/- 2.09e-27]
1,-0.9875,-0.975,[1.488771418615306357658682326921256341124781089 +/- 3.26e-46],1.4887714186153063,True,1143,40,333,219,20,15,[1320.54377562593366343501804216 +/- 3.32e-27]
2,-0.975,-0.9625,[1.529361813601161036887937187997017649423404629 +/- 4.47e-46],1.529361813601161,True,963,40,286,176,20,14,[1269.38663972981680737627639647 +/- 3.65e-28]
3,-0.9625,-0.95,[1.571117269794520603998486265976660835454194729 +/- 4.03e-46],1.5711172697945206,True,535,28,149,105,14,14,[584.819275974003548974410525825 +/- 2.95e-28]
4,-0.95,-0.9375,[1.6112734420207687221577533673856492063911975775 +/- 9.75e-47],1.6112734420207688,True,623,28,189,109,14,12,[442.019131065730983720982702921 +/- 5.10e-29]
5,-0.9375,-0.925,[1.6497238813803975668181544555300711901316748859 +/- 8.95e-47],1.6497238813803976,True,729,44,162,173,14,12,[612.096136144421328650134511123 +/- 2.08e-28]
6,-0.925,-0.9125,[1.6865925986428230200647144265012631515587023565 +/- 7.42e-47],1.686592598642823,True,1041,59,313,161,12,10,[906.493778915664921623627572194 +/- 3.87e-28]
7,-0.9125,-0.9,[1.725371111692066190989122356082266021931605162 +/- 1.31e-46],1.7253711116920663,True,1095,75,334,155,16,12,[777.026211597437450216613162226 +/- 1.15e-28]
8,-0.9,-0.8875,[1.766273067158101343732389586299393359666938632 +/- 3.73e-46],1.7662730671581013,True,993,60,309,141,14,11,[780.075874641981234614010507261 +/- 2.91e-28]
9,-0.8875,-0.875,[1.8093978941404508813113884948097398145360125566 +/- 8.18e-47],1.809397894140451,True,1009,86,285,148,14,12,[217.927507238687698715892564674 +/- 1.25e-28]
10,-0.875,-0.8625,[1.847062238885743465090510164491353929548592977 +/- 6.44e-46],1.8470622388857434,True,1095,186,274,104,16,12,[476.462872347299058972310509611 +/- 4.77e-28]
11,-0.8625,-0.85,[1.876665460453797528037125838872617693632684297 +/- 2.21e-46],1.8766654604537976,True,501,28,122,115,14,12,[316.580868518304434026710163807 +/- 6.0e-31]
12,-0.85,-0.8375,[1.906345598420339402798326569936522689104194758 +/- 6.21e-46],1.9063455984203395,True,846,87,186,166,16,12,[357.067071932061603965896911957 +/- 2.73e-28]
13,-0.8375,-0.825,[1.936252450854507752463523584379010551416427781 +/- 3.64e-46],1.9362524508545078,True,845,99,181,159,16,12,[417.371086881607245843184459733 +/- 3.49e-28]
14,-0.825,-0.8125,[1.966527899411370984724441131137974597678845922 +/- 2.80e-46],1.966527899411371,True,649,37,194,110,16,12,[273.222230020717055235105041347 +/- 3.63e-28]
15,-0.8125,-0.8,[1.996544507589275049177094301018326857989550033 +/- 9.20e-46],1.9965445075892752,True,1451,55,427,264,20,14,[1012.13333126476184937298113245 +/- 3.06e-28]
16,-0.8,-0.7875,[2.005659231735534594600505753411432008283932379 +/- 4.64e-46],2.0056592317355344,True,1551,50,248,503,25,22,[165.991659694012422699040688260 +/- 1.73e-29]
17,-0.7875,-0.775,[2.012179435052033574541040759080786103599605156 +/- 5.66e-46],2.0121794350520337,True,1389,50,226,444,25,22,[181.574872532474812967263177574 +/- 3.48e-28]
18,-0.775,-0.7625,[2.018832241977968226370599507104088062946169594 +/- 5.33e-46],2.018832241977968,True,1363,50,225,432,25,23,[187.477195651354179776228641852 +/- 4.38e-29]
19,-0.7625,-0.75,[2.025618103205056680024890733618562537680217725 +/- 7.64e-46],2.0256181032050566,True,1295,50,216,407,25,23,[191.725960650300835154076488700 +/- 4.93e-28]
20,-0.75,-0.7375,[2.032464279101064176440948177548388061700828582 +/- 7.07e-46],2.032464279101064,True,1307,50,220,409,25,23,[191.792794876797869665628791906 +/- 2.72e-28]
21,-0.7375,-0.725,[2.038950352805409582240043396914643312936098418 +/- 3.32e-46],2.0389503528054096,True,1327,50,226,413,25,22,[189.634106399310666091142524053 +/- 4.95e-28]
22,-0.725,-0.7124999999999999,[2.045387331291130966646517929466020283939539378 +/- 5.84e-46],2.045387331291131,True,1335,50,231,412,25,22,[184.125936332261389636960858137 +/- 2.76e-28]
23,-0.7124999999999999,-0.7,[2.051977827670198705757748636526407405187073769 +/- 6.55e-46],2.0519778276701985,True,1327,50,233,406,25,22,[180.731606429218948927166716054 +/- 2.56e-28]
24,-0.7,-0.6875,[2.058726767497764088005235694684794268614357943 +/- 5.96e-46],2.058726767497764,True,1331,50,231,410,25,22,[178.647495844863361343369435403 +/- 3.04e-28]
25,-0.6875,-0.675,[2.065640000513886212066578394988837401413838952 +/- 6.62e-46],2.0656400005138864,True,1341,50,227,419,25,22,[176.947809201885359624324522581 +/- 3.88e-28]
26,-0.675,-0.6625,[2.072720518103450079957611255488670882635400409 +/- 4.13e-46],2.0727205181034503,True,1315,50,231,402,25,22,[176.331453785384461833996907464 +/- 8.85e-29]
27,-0.6625,-0.6499999999999999,[2.079973043470099485868812701081688967019873450 +/- 4.95e-46],2.0799730434700994,True,1309,50,230,400,25,22,[175.253136295437668670138759611 +/- 3.52e-28]
28,-0.6499999999999999,-0.6375,[2.087401332067988474757091708870000933861650141 +/- 6.34e-46],2.0874013320679885,True,1301,50,223,403,25,21,[175.055667517585241596924910293 +/- 3.01e-28]
29,-0.6375,-0.625,[2.095010398819952228835481453102295866835781283 +/- 2.90e-46],2.0950103988199524,True,1277,50,226,388,25,21,[175.009193689706382164016875236 +/- 9.63e-29]
30,-0.625,-0.6125,[2.102804570810615834992104896945919036156296463 +/- 5.00e-46],2.102804570810616,True,1265,50,226,382,25,21,[174.814713374383789104419820036 +/- 2.76e-28]
31,-0.6125,-0.6,[2.110787925938141590854439182171994341107757428 +/- 3.82e-46],2.1107879259381415,True,1271,50,230,381,25,21,[174.363620401384105192368135337 +/- 4.09e-28]
32,-0.6,-0.5874999999999999,[2.118964646962777081065536234958941487148369178 +/- 4.93e-46],2.118964646962777,True,1263,50,227,380,25,21,[174.506628113032932728632536372 +/- 3.30e-28]
33,-0.5874999999999999,-0.575,[2.127338691086775831924669862297952147899839570 +/- 5.12e-46],2.1273386910867758,True,1241,50,227,369,25,21,[174.970457802669910181253275391 +/- 1.79e-28]
34,-0.575,-0.5625,[2.135914269374310660294334264348921136291189576 +/- 3.00e-46],2.1359142693743105,True,1239,50,229,366,25,21,[175.106203888327558410844181095 +/- 3.22e-28]
35,-0.5625,-0.55,[2.144695616265704364866922101531300951702590497 +/- 4.77e-46],2.1446956162657043,True,1235,50,226,367,25,21,[175.832650669624662721272003449 +/- 2.89e-28]
36,-0.55,-0.5375,[2.153686936020969661723404829292055610974396282 +/- 4.78e-46],2.1536869360209696,True,1217,50,227,357,25,21,[177.189384625041185556516631112 +/- 4.08e-28]
37,-0.5375,-0.5249999999999999,[2.162892888571634785105586230774892994426732736 +/- 6.44e-46],2.1628928885716348,True,1213,50,226,356,25,21,[177.488046842182758767974881185 +/- 4.69e-28]
38,-0.5249999999999999,-0.5125,[2.172314596041233256114009486006706664148944350 +/- 3.16e-46],2.1723145960412333,True,1199,50,225,350,25,21,[178.389995308444638116920984017 +/- 4.44e-28]
39,-0.5125,-0.5,[2.181961908080358388944698792797085687551534400 +/- 5.89e-46],2.1819619080803583,True,1193,50,230,342,25,21,[179.775648230883431167545608868 +/- 3.78e-28]
40,-0.5,-0.48749999999999993,[2.191833881104204851227922787595783602222155104 +/- 1.89e-46],2.191833881104205,True,1191,50,230,341,25,21,[180.745933024572191539742678858 +/- 1.84e-28]
41,-0.48749999999999993,-0.475,[2.201936974846792896235182035047054797627074737 +/- 3.33e-46],2.201936974846793,True,1183,50,229,338,25,21,[182.410989905514532134903295235 +/- 3.34e-28]
42,-0.475,-0.4625,[2.212275328067365319719476973529638113832071910 +/- 5.30e-46],2.2122753280673653,True,1173,50,231,331,25,21,[183.390268741751242705126212933 +/- 3.98e-28]
43,-0.4625,-0.44999999999999996,[2.222851366189849779107981031083891915075527100 +/- 2.39e-46],2.22285136618985,True,1153,50,230,322,25,21,[186.238094817367551011219606623 +/- 4.67e-28]
44,-0.44999999999999996,-0.4375,[2.233667691626332279944269408015620318037309160 +/- 2.31e-46],2.2336676916263323,True,1157,50,243,311,25,21,[188.185439582197966329632255754 +/- 1.56e-28]
45,-0.4375,-0.42499999999999993,[2.244603162809766768669913841405207748516556246 +/- 2.71e-46],2.2446031628097667,True,1077,46,209,307,23,21,[208.849904267849269565435768613 +/- 2.41e-28]
46,-0.42499999999999993,-0.4125,[2.255481813406720905120114952689868292036483448 +/- 2.89e-46],2.2554818134067207,True,1047,42,195,308,21,20,[202.526579567382695521374577560 +/- 9.55e-29]
47,-0.4125,-0.3999999999999999,[2.266547676121884623941790835129985382374377830 +/- 4.99e-46],2.266547676121885,True,1079,42,201,318,21,20,[196.948308110249825349089636987 +/- 4.87e-29]
48,-0.3999999999999999,-0.38749999999999996,[2.277813213206506218260438300195510888734790660 +/- 5.82e-46],2.2778132132065063,True,1142,41,214,337,21,20,[191.082149164958781503382868118 +/- 3.15e-28]
49,-0.38749999999999996,-0.375,[2.288251492677732280136086649753990219793060543 +/- 5.62e-46],2.288251492677732,True,1141,40,221,330,20,19,[258.818507995772196024321540318 +/- 2.22e-28]
50,-0.375,-0.36249999999999993,[2.298572449573412337859766928886095350562700223 +/- 2.84e-46],2.2985724495734123,True,1161,40,225,336,20,19,[265.333078911639533042126751840 +/- 1.03e-28]
51,-0.36249999999999993,-0.35,[2.308900045957596592371354913597933773083415442 +/- 2.41e-46],2.308900045957597,True,1213,44,240,345,22,19,[265.294001264259579593516676920 +/- 3.10e-28]
52,-0.35,-0.3374999999999999,[2.319409634197521147326759430407869154390932904 +/- 2.38e-46],2.319409634197521,True,1227,44,248,344,22,19,[265.802966761368809097988072447 +/- 2.37e-28]
53,-0.3374999999999999,-0.32499999999999996,[2.330142696739329323407759122687634311743040603 +/- 6.08e-46],2.3301426967393293,True,1277,44,255,362,22,19,[266.188101224429514425563558821 +/- 3.69e-28]
54,-0.32499999999999996,-0.3125,[2.340964811216650109672611830539303252482571495 +/- 5.63e-46],2.34096481121665,True,1345,48,301,348,24,20,[291.167602920919883105516366715 +/- 2.83e-28]
55,-0.3125,-0.29999999999999993,[2.351786913630696838989228139289300988939840954 +/- 5.37e-46],2.351786913630697,True,1315,48,290,344,24,20,[292.254231105136071359076857455 +/- 3.61e-28]
56,-0.29999999999999993,-0.2875,[2.362922238162867835752764055215813635075010730 +/- 5.42e-46],2.362922238162868,True,1299,48,285,341,24,20,[293.751858283805622493233777335 +/- 3.40e-29]
57,-0.2875,-0.2749999999999999,[2.374378121415118530311694994396913536520684961 +/- 4.48e-46],2.3743781214151185,True,1304,50,285,341,24,20,[295.111300486610123928403775458 +/- 2.70e-28]
58,-0.2749999999999999,-0.26249999999999996,[2.386163554368429894119009630856854813373949060 +/- 6.92e-46],2.38616355436843,True,1306,48,288,341,24,20,[296.632977783068695566271620183 +/- 4.59e-28]
59,-0.26249999999999996,-0.25,[2.398286171460944805933962450792692376669763942 +/- 5.70e-46],2.3982861714609447,True,1306,48,291,338,24,20,[298.119115363400463754865618166 +/- 1.27e-28]
60,-0.25,-0.23749999999999993,[2.410754447961145226407996221723064067068742416 +/- 4.25e-46],2.4107544479611454,True,1288,49,289,330,24,21,[300.000868657267674116188823641 +/- 4.08e-28]
61,-0.23749999999999993,-0.22499999999999998,[2.423271090451214373371376578817492130364627769 +/- 5.04e-46],2.4232710904512142,True,1339,48,298,348,24,20,[292.889410684187328014343366161 +/- 4.77e-28]
62,-0.22499999999999998,-0.2124999999999999,[2.435720489126094890454697534707358957055260712 +/- 3.09e-46],2.435720489126095,True,1445,48,320,379,24,21,[290.531043475692893515709868896 +/- 3.71e-28]
63,-0.2124999999999999,-0.19999999999999996,[2.448324500569418667418519680014961749206993885 +/- 6.39e-46],2.4483245005694187,True,1565,48,349,410,24,21,[286.598997833288083590087492173 +/- 7.04e-29]
64,-0.19999999999999996,-0.1875,[2.461143763166211969482035318120489029899837265 +/- 4.12e-46],2.461143763166212,True,1741,48,391,456,24,21,[285.179311791962965764773971432 +/- 3.68e-28]
65,-0.1875,-0.17499999999999993,[2.474229436625225267916759212737122132438642927 +/- 2.23e-46],2.474229436625225,True,2021,48,461,526,24,21,[282.304638153083338834393353399 +/- 7.36e-29]
66,-0.17499999999999993,-0.16249999999999998,[2.487614586949904471235044440637175270369101558 +/- 3.24e-46],2.4876145869499044,True,2469,52,565,642,24,21,[277.783073306648780749804772337 +/- 3.55e-28]
67,-0.16249999999999998,-0.1499999999999999,[2.501309094680016476492229786289755270557864554 +/- 7.03e-46],2.5013090946800163,True,1445,44,340,361,22,20,[270.628754021493905948872724552 +/- 3.51e-28]
68,-0.1499999999999999,-0.13749999999999996,[2.515320799917453942445120270240411878064105421 +/- 7.01e-46],2.515320799917454,True,1469,44,348,365,22,20,[271.569686544490472718137274159 +/- 2.06e-28]
69,-0.13749999999999996,-0.125,[2.529741265249588075680562908547454885049122028 +/- 2.55e-46],2.529741265249588,True,1499,44,357,371,22,20,[272.537486948098453508996427161 +/- 4.33e-28]
70,-0.125,-0.11249999999999993,[2.544483938210805190575193755992709559338724586 +/- 5.75e-46],2.544483938210805,True,1397,44,333,344,22,20,[277.725684303892393768708504653 +/- 1.36e-29]
71,-0.11249999999999993,-0.09999999999999998,[2.559272546424433041478721723938329023900838902 +/- 4.43e-46],2.5592725464244332,True,1463,44,346,364,22,19,[269.486369888774881915160182319 +/- 3.94e-28]
72,-0.09999999999999998,-0.08749999999999991,[2.574019454252674242984667240974076230627142030 +/- 6.61e-46],2.5740194542526744,True,1767,44,417,445,22,19,[266.342450888694836488045842111 +/- 6.87e-29]
73,-0.08749999999999991,-0.07499999999999996,[2.588933690287954365747371960506906066563849822 +/- 5.54e-46],2.5889336902879543,True,1253,40,297,310,20,19,[261.011153489405035135787571334 +/- 1.42e-28]
74,-0.07499999999999996,-0.0625,[2.602926208010679761678317767444871477531538482 +/- 7.03e-46],2.60292620801068,True,1263,44,304,306,22,20,[298.936510024259030559003173962 +/- 3.03e-28]
75,-0.0625,-0.04999999999999993,[2.615227624937015672778059601967044394211115364 +/- 4.25e-46],2.615227624937016,True,1311,44,316,318,22,20,[308.196847215879858929808302214 +/- 1.17e-28]
76,-0.04999999999999993,-0.03749999999999998,[2.623240239170892137511457799675696045946504821 +/- 3.89e-46],2.623240239170892,True,1149,44,275,278,22,21,[198.304027986148550641228775089 +/- 1.35e-28]
77,-0.03749999999999998,-0.02499999999999991,[2.627538530873375790019512034720967367728019156 +/- 7.72e-46],2.627538530873376,True,1625,44,389,402,22,20,[157.709203843267380191123208794 +/- 4.31e-28]
78,-0.025,-0.021875000000000002,[2.61332088101204387198408068478301722093196695 +/- 6.16e-45],2.613320881012044,True,8065,306,1944,1825,42,35,[225.014632579197366672143532069 +/- 2.12e-28]
79,-0.021875000000000002,-0.018750000000000003,[2.61637189911389957579881945669126527137927340 +/- 5.66e-45],2.6163718991139,True,6637,241,1615,1505,42,36,[211.155045618298897716219628865 +/- 2.52e-28]
80,-0.018750000000000003,-0.015625,[2.61906002091771422554598066101761608826439278 +/- 3.18e-45],2.6190600209177144,True,6485,156,1580,1553,46,36,[192.409686368413769001397353714 +/- 6.99e-30]
81,-0.015625,-0.0125,[2.62162319809707538222564403920757172826349198 +/- 4.93e-45],2.6216231980970752,True,7671,208,1802,1872,46,37,[216.717288245228061696958374500 +/- 3.33e-28]
82,-0.0125,-0.009375000000000001,[2.62401814691771887925278696494746329297452448 +/- 8.07e-45],2.624018146917719,True,9793,425,2387,2127,42,34,[225.402033648469177370535366852 +/- 1.53e-28]
83,-0.009375000000000001,-0.00625,[2.62601064888933521038202631061514028705352509 +/- 7.09e-45],2.626010648889335,True,7943,242,1818,1956,44,34,[197.749871908039492291930445649 +/- 4.35e-28]
84,-0.00625,-0.003125,[2.62733646042028178111295483852315241347993208 +/- 2.76e-45],2.6273364604202816,True,5989,109,1473,1457,44,34,[170.444018102310267349526486578 +/- 3.25e-28]
87,0.003125,0.00625,[2.62733646042028178145167854220006962343129867 +/- 2.94e-45],2.6273364604202816,True,5989,109,1473,1457,44,34,[170.444018102310267349526486578 +/- 3.25e-28]
88,0.00625,0.009375000000000001,[2.62601064888933521034999533396920875225490367 +/- 6.46e-45],2.626010648889335,True,7943,242,1818,1956,44,34,[197.749871908039492291930445649 +/- 4.35e-28]
89,0.009375000000000001,0.0125,[2.62401814691771887304097780272305233716887874 +/- 6.65e-45],2.624018146917719,True,9793,425,2387,2127,42,34,[225.402033648469177370535366852 +/- 1.53e-28]
90,0.0125,0.015625,[2.62162319809707538207469846243526394331700652 +/- 4.01e-45],2.6216231980970752,True,7671,208,1802,1872,46,37,[216.717288245228061696958374500 +/- 3.33e-28]
91,0.015625,0.018750000000000003,[2.61906002091771422605507572473596783011832285 +/- 2.92e-45],2.6190600209177144,True,6485,156,1580,1553,46,36,[192.409686368413769001397353714 +/- 6.99e-30]
92,0.018750000000000003,0.021875000000000002,[2.61637189911389957340426970696831287386394137 +/- 7.40e-45],2.6163718991139,True,6637,241,1615,1505,42,36,[211.155045618298897716219628865 +/- 2.52e-28]
93,0.021875000000000002,0.025,[2.61332088101204387101934481772259003280848397 +/- 5.12e-45],2.613320881012044,True,8065,306,1944,1825,42,35,[225.014632579197366672143532069 +/- 2.12e-28]
94,0.025,0.03750000000000009,[2.62753853087337577169242892663372734991579170 +/- 4.26e-45],2.627538530873376,True,1625,44,389,402,22,20,[157.709203843257804774094089315 +/- 1.90e-28]
95,0.03750000000000009,0.050000000000000044,[2.62324023917089205722562874837381982551059769 +/- 4.11e-45],2.623240239170892,True,1149,44,275,278,22,21,[198.304027986143056841551596779 +/- 4.93e-28]
96,0.050000000000000044,0.0625,[2.615227624937015564397063294062228355707166471 +/- 9.19e-46],2.6152276249370154,True,1311,44,316,318,22,20,[308.196847215880574395436216163 +/- 2.05e-28]
97,0.0625,0.07499999999999996,[2.60292620801067978358258438092686955664216567 +/- 4.02e-45],2.60292620801068,True,1263,44,304,306,22,20,[298.936510024177431665939351210 +/- 4.40e-28]
98,0.07499999999999996,0.08750000000000013,[2.588933690287954461727918755268959337325605490 +/- 8.36e-46],2.5889336902879543,True,1253,40,297,310,20,19,[261.011153489403625517781948665 +/- 3.71e-29]
99,0.08750000000000013,0.10000000000000009,[2.57401945425267395362498687384602617720513700 +/- 1.23e-45],2.574019454252674,True,1767,44,417,445,22,19,[266.342450888681481675835364845 +/- 2.84e-28]
100,0.10000000000000009,0.11250000000000004,[2.559272546424432903986195863953915453594388003 +/- 9.03e-46],2.559272546424433,True,1463,44,346,364,22,19,[269.486369888840257006690424974 +/- 1.12e-28]
101,0.11250000000000004,0.125,[2.54448393821080506580038474357780467785673901 +/- 5.69e-45],2.544483938210805,True,1397,44,333,344,22,20,[277.725684303841145925673083195 +/- 4.05e-28]
102,0.125,0.13749999999999996,[2.52974126422389945839825530870928567095423731 +/- 2.55e-45],2.5297412642238997,True,1503,44,358,372,22,20,[272.537486948099649861017601695 +/- 2.08e-28]
103,0.13749999999999996,0.15000000000000013,[2.51532079991745394393237872089340944643228829 +/- 3.54e-45],2.515320799917454,True,1469,44,348,365,22,20,[271.569686544503359928140707960 +/- 4.27e-28]
104,0.15000000000000013,0.1625000000000001,[2.50130909468001619118366704787075625908079053 +/- 2.74e-45],2.5013090946800163,True,1445,44,340,361,22,20,[270.628754021501569231043972898 +/- 1.02e-28]
105,0.1625000000000001,0.17500000000000004,[2.48761458694990434329491408813328958479610123 +/- 5.52e-45],2.4876145869499044,True,2469,52,565,642,24,21,[277.783073306620053848119727415 +/- 4.94e-28]
106,0.17500000000000004,0.1875,[2.47422943863112281791654924887320065102151176 +/- 6.11e-45],2.4742294386311228,True,2017,48,460,525,24,21,[282.304638153035570115234208036 +/- 2.02e-28]
107,0.1875,0.20000000000000018,[2.46114376159486424925907992055147599025073844 +/- 2.07e-45],2.4611437615948644,True,1745,48,392,457,24,21,[285.179311792012907913882074371 +/- 2.32e-28]
108,0.20000000000000018,0.21250000000000013,[2.44832450199316400248688275669310044834612351 +/- 2.71e-45],2.448324501993164,True,1561,48,348,409,24,21,[286.598997833281460372739737386 +/- 2.33e-28]
109,0.21250000000000013,0.2250000000000001,[2.435720489126094627672799565666579240312562767 +/- 9.61e-46],2.4357204891260946,True,1445,48,320,379,24,21,[290.531043475719833395549079096 +/- 4.72e-28]
110,0.2250000000000001,0.23750000000000004,[2.42327109045121423589708174565986464119364850 +/- 5.13e-45],2.4232710904512142,True,1339,48,298,348,24,20,[292.889410684177338516014871343 +/- 2.89e-28]
111,0.23750000000000004,0.25,[2.410754447842198815183750301871830301047377642 +/- 7.89e-46],2.4107544478421987,True,1292,50,290,330,24,21,[300.000868657274589876814387494 +/- 2.57e-28]
112,0.25,0.2625000000000002,[2.39828617146094492241203495050131124516711415 +/- 2.21e-45],2.398286171460945,True,1306,48,291,338,24,20,[298.119115363377489970363785639 +/- 2.75e-28]
113,0.2625000000000002,0.27500000000000013,[2.386163554368429709672392346035714978977090456 +/- 7.23e-46],2.3861635543684296,True,1306,48,288,341,24,20,[296.632977783092275826521397340 +/- 5.13e-30]
114,0.27500000000000013,0.2875000000000001,[2.374378121415118232233085282252838548792727976 +/- 9.05e-46],2.374378121415118,True,1304,50,285,341,24,20,[295.111300486593222077904725195 +/- 2.65e-28]
115,0.2875000000000001,0.30000000000000004,[2.36292223816286777320614956473147259805113531 +/- 3.03e-45],2.362922238162868,True,1299,48,285,341,24,20,[293.751858283773787899805950589 +/- 4.45e-28]
116,0.30000000000000004,0.3125,[2.35178691394453444926672154365168642777753418 +/- 3.27e-45],2.3517869139445344,True,1311,48,289,343,24,20,[292.254231105127977892911471376 +/- 3.54e-29]
117,0.3125,0.3250000000000002,[2.34096481121665021697638686387662079136517498 +/- 1.28e-45],2.3409648112166503,True,1345,48,301,348,24,20,[291.167602920917259559120662855 +/- 4.15e-28]
118,0.3250000000000002,0.33750000000000013,[2.330142696739329115648049723677810138623538389 +/- 7.96e-46],2.3301426967393293,True,1277,44,255,362,22,19,[266.188101224409483994872007762 +/- 9.82e-29]
119,0.33750000000000013,0.3500000000000001,[2.31940963419752091034268604329147891274699740 +/- 1.04e-45],2.319409634197521,True,1227,44,248,344,22,19,[265.802966761371899120384906481 +/- 1.51e-28]
120,0.3500000000000001,0.36250000000000004,[2.308900045957596512732535261805086747230317835 +/- 9.06e-46],2.3089000459575963,True,1213,44,240,345,22,19,[265.294001264241495209280855778 +/- 2.75e-29]
121,0.36250000000000004,0.375,[2.298572449573412178064228361226248344366248256 +/- 7.72e-46],2.2985724495734123,True,1161,40,225,336,20,19,[265.333078911602267162557488451 +/- 4.33e-28]
122,0.375,0.3875000000000002,[2.288251492677732389037907560357538006230270868 +/- 6.39e-46],2.288251492677732,True,1141,40,221,330,20,19,[258.818507995782293755403383516 +/- 2.75e-29]
123,0.3875000000000002,0.40000000000000013,[2.277813213206506026805142965971334079527309667 +/- 6.12e-46],2.277813213206506,True,1142,41,214,337,21,20,[191.082149164983265672145233096 +/- 1.95e-28]
124,0.40000000000000013,0.4125000000000001,[2.266547676121884351318255025306238445062465133 +/- 6.83e-46],2.2665476761218843,True,1079,42,201,318,21,20,[196.948308110291419762442541985 +/- 4.25e-28]
125,0.4125000000000001,0.42500000000000004,[2.255481813406720819935429030563883480236159608 +/- 8.04e-46],2.2554818134067207,True,1047,42,195,308,21,20,[202.526579567375980118174249922 +/- 5.34e-29]
126,0.42500000000000004,0.4375,[2.244603162635314966678238301353005301808839439 +/- 7.05e-46],2.244603162635315,True,1081,46,210,308,23,21,[208.849904267833526297283062569 +/- 4.49e-28]
127,0.4375,0.4500000000000002,[2.23366769133935218146508204399635107321755830 +/- 1.07e-45],2.233667691339352,True,1161,50,244,312,25,21,[188.185439582194499475343398193 +/- 3.54e-28]
128,0.4500000000000002,0.46250000000000013,[2.22285136621311148100156969107907286133403813 +/- 4.15e-45],2.2228513662131113,True,1153,50,230,322,25,21,[186.238094817370643656778546443 +/- 9.48e-29]
129,0.46250000000000013,0.4750000000000001,[2.21227532806736519195326689443368751036090984 +/- 2.98e-45],2.2122753280673653,True,1173,50,231,331,25,21,[183.390268741751350216814862705 +/- 4.84e-28]
130,0.4750000000000001,0.48750000000000004,[2.201936974846792849052065393281337156655780861 +/- 6.51e-46],2.201936974846793,True,1183,50,229,338,25,21,[182.410989905531175871402915465 +/- 3.42e-28]
131,0.48750000000000004,0.5,[2.19183388110420471322656754902137223722347505 +/- 5.01e-45],2.1918338811042046,True,1191,50,230,341,25,21,[180.745933024563352540125554403 +/- 1.92e-28]
132,0.5,0.5125000000000002,[2.181961908080358474887768340246326564769783673 +/- 6.41e-46],2.1819619080803583,True,1193,50,230,342,25,21,[179.775648230880241399564067376 +/- 2.22e-28]
133,0.5125000000000002,0.5250000000000001,[2.172314596041233143111938007750944223666840659 +/- 7.65e-46],2.1723145960412333,True,1199,50,225,350,25,21,[178.389995308439751161799831846 +/- 1.52e-28]
134,0.5250000000000001,0.5375000000000001,[2.162892888584276480912734797085745055026669729 +/- 7.62e-46],2.1628928885842766,True,1213,50,226,356,25,21,[177.488046842220991363853697898 +/- 4.14e-28]
135,0.5375000000000001,0.55,[2.153686935838971910421598081373592339600230095 +/- 9.06e-46],2.153686935838972,True,1221,50,228,358,25,21,[177.189384625049586124413229178 +/- 4.14e-28]
136,0.55,0.5625,[2.144695616426513068107341290349202713178387510 +/- 8.62e-46],2.144695616426513,True,1231,50,225,366,25,21,[175.832650669604765912337675602 +/- 4.96e-28]
137,0.5625,0.5750000000000002,[2.135914269235857563084028433273316396802159552 +/- 6.47e-46],2.1359142692358577,True,1243,50,230,367,25,21,[175.106203888299664775295235906 +/- 1.40e-29]
138,0.5750000000000002,0.5875000000000001,[2.12733869122816424421450398471166724174346071 +/- 9.58e-46],2.1273386912281644,True,1237,50,226,368,25,21,[174.970457802611546005597423519 +/- 2.51e-28]
139,0.5875000000000001,0.6000000000000001,[2.118964646973410090561593349233717354993050395 +/- 9.23e-46],2.11896464697341,True,1263,50,227,380,25,21,[174.506628113022057132283723438 +/- 2.65e-28]
140,0.6000000000000001,0.6125,[2.11078792622115340837034106027016939809280026 +/- 1.97e-45],2.1107879262211533,True,1263,50,228,379,25,21,[174.363620401399280178837361336 +/- 3.80e-28]
141,0.6125,0.625,[2.10280457079350264870160315527670415949871993 +/- 5.05e-45],2.1028045707935026,True,1265,50,226,382,25,21,[174.814713374382042377651178939 +/- 8.27e-29]
142,0.625,0.6375000000000002,[2.095010398819952329191538651478827504426716601 +/- 5.74e-46],2.0950103988199524,True,1277,50,226,388,25,21,[175.009193689704078579733470665 +/- 3.63e-28]
143,0.6375000000000002,0.6500000000000001,[2.087401331747801455511351533457345148800007560 +/- 5.70e-46],2.0874013317478015,True,1309,50,225,405,25,21,[175.055667517563596125317561181 +/- 9.51e-29]
144,0.6500000000000001,0.6625000000000001,[2.079973043470099303269852572772150635647241338 +/- 5.77e-46],2.0799730434700994,True,1309,50,230,400,25,22,[175.253136295424154131702971823 +/- 3.31e-28]
145,0.6625000000000001,0.675,[2.072720517955097364689416599790617568634327974 +/- 5.37e-46],2.0727205179550974,True,1319,50,232,403,25,22,[176.331453785446268985826331633 +/- 3.71e-29]
146,0.675,0.6875,[2.065640000252966623715795647127768978541668281 +/- 6.21e-46],2.0656400002529667,True,1349,50,229,421,25,22,[176.947809201888315180086268214 +/- 4.21e-28]
147,0.6875,0.7000000000000002,[2.05872676737921274912449159613578325161448418 +/- 3.94e-45],2.0587267673792127,True,1335,50,232,411,25,22,[178.647495844781171009195283722 +/- 1.63e-28]
148,0.7000000000000002,0.7125000000000001,[2.051977827670198547842856828335289782551567477 +/- 7.05e-46],2.0519778276701985,True,1327,50,233,406,25,22,[180.731606429231942075642905365 +/- 4.95e-28]
149,0.7125000000000001,0.7250000000000001,[2.045387331158101384449787629105300610036578336 +/- 8.61e-46],2.0453873311581012,True,1339,50,232,413,25,22,[184.125936332266753541098065070 +/- 2.40e-28]
150,0.7250000000000001,0.7375,[2.038950352962650571578564031130195982471682045 +/- 6.12e-46],2.0389503529626505,True,1323,50,225,412,25,22,[189.634106399330620242129621535 +/- 2.08e-28]
151,0.7375,0.75,[2.032464278901925661189859455880132640621317070 +/- 7.08e-46],2.0324642789019256,True,1311,50,221,410,25,23,[191.792794876803444955418477324 +/- 3.07e-28]
152,0.75,0.7625000000000002,[2.025618103436596069916096877690003000384485709 +/- 8.27e-46],2.025618103436596,True,1291,50,215,406,25,23,[191.725960650271657466611812654 +/- 1.39e-28]
153,0.7625000000000002,0.7750000000000001,[2.018832241954025592706846838031261001348510540 +/- 7.62e-46],2.0188322419540254,True,1363,50,225,432,25,23,[187.477195651379788033970767301 +/- 4.04e-28]
154,0.7750000000000001,0.7875000000000001,[2.012179434816595813702105698935554542193043743 +/- 6.13e-46],2.012179434816596,True,1397,50,228,446,25,22,[181.574872532419668021564678608 +/- 1.82e-28]
155,0.7875000000000001,0.8,[2.005659231549192580343001098577760564358417414 +/- 6.76e-46],2.005659231549193,True,1559,50,250,505,25,22,[165.991659693904928285929952707 +/- 2.09e-28]
156,0.8,0.8125,[1.996544507589274954831522413317699792171951260 +/- 4.40e-46],1.996544507589275,True,1451,55,427,264,20,14,[1012.13333126496605014907109201 +/- 5.44e-28]
157,0.8125,0.8250000000000002,[1.966527882402710214915152851034250581359172075 +/- 5.73e-46],1.9665278824027101,True,764,34,231,133,16,12,[432.397634038936904420420123437 +/- 1.42e-28]
158,0.8250000000000002,0.8375000000000001,[1.936252141879688580983415225160018223403886821 +/- 4.00e-46],1.9362521418796885,True,916,105,193,176,16,12,[527.645293895759869313661237139 +/- 9.73e-29]
159,0.8375000000000001,0.8500000000000001,[1.906345535388689884827224748571423844921541422 +/- 2.10e-46],1.9063455353886898,True,1085,132,227,200,16,11,[709.877242014348103396506174499 +/- 1.29e-28]
160,0.8500000000000001,0.8625,[1.876665403879974364051589462171713042974228901 +/- 4.94e-46],1.8766654038799744,True,949,39,251,199,14,12,[519.284865255094412980742622883 +/- 4.80e-28]
161,0.8625,0.875,[1.847062093771850825738955877578340942824858462 +/- 1.88e-46],1.847062093771851,True,709,25,184,158,12,10,[524.242757435702474756754122887 +/- 3.07e-28]
162,0.875,0.8875000000000002,[1.809398228393294774544934028174774272445300493 +/- 5.26e-46],1.8093982283932948,True,1019,63,329,134,16,11,[804.290290108827968744855237148 +/- 4.22e-28]
163,0.8875000000000002,0.9000000000000001,[1.766273048394298715993128408227688386102625468 +/- 9.13e-46],1.7662730483942988,True,1011,60,324,138,16,12,[675.787904082115998872533918844 +/- 4.09e-28]
164,0.9000000000000001,0.9125000000000001,[1.725370749272520352491326324743037356412219903 +/- 8.16e-46],1.7253707492725203,True,1059,64,339,143,16,12,[616.974146353347650200167410969 +/- 2.86e-28]
165,0.9125000000000001,0.925,[1.686592056898700074997110278505119070416976205 +/- 8.36e-46],1.6865920568987,True,1111,62,357,153,16,12,[591.519037353869734238130398432 +/- 3.87e-28]
166,0.925,0.9375,[1.649723696514472456352928327594205511067991216 +/- 2.17e-46],1.6497236965144724,True,401,24,113,76,12,11,[419.051414934348878637195638000 +/- 3.39e-29]
167,0.9375,0.9500000000000002,[1.611273489119655471020907187238935136485640201 +/- 6.48e-46],1.6112734891196554,True,625,28,183,116,14,13,[451.202362204033985008984586379 +/- 4.31e-28]
168,0.9500000000000002,0.9625000000000001,[1.571117121283093309271755594847470123251676052 +/- 3.29e-46],1.5711171212830932,True,537,28,156,99,14,13,[560.288971793224605004120613394 +/- 5.93e-29]
169,0.9625000000000001,0.9750000000000001,[1.529361813601161001779551983416646120301786683 +/- 6.51e-46],1.529361813601161,True,963,40,286,176,20,14,[1269.38663972987126000723428456 +/- 2.88e-28]
170,0.9750000000000001,0.9875,[1.488771418615305504671710272983972281271174515 +/- 5.34e-46],1.4887714186153056,True,1143,40,333,219,20,15,[1320.54377562593101373327880027 +/- 1.84e-27]
171,0.9875,1.0,[1.443896838896855110740223542216717005997286841 +/- 4.99e-46],1.4438968388968552,True,1203,44,349,229,20,16,[1588.33224894254235723463230759 +/- 6.23e-29]
